ward,time,median,mean
9219,1677628800,152.87,152.42
9219,1680307200,138.61,140.9
9219,1682899200,139.39,138.73
9219,1685577600,133.76,137.76
9219,1688169600,133.76,137.53
9219,1690848000,130.69,137.97
9219,1693526400,138.46,138.03
9219,1696118400,141.03,139.13
9219,1698796800,136.36,137.12
9219,1701388800,137.61,137.21
9219,1704067200,135,137.51
9219,1706745600,137,136.71
9224,1677628800,82.22,88.47
9224,1680307200,94,97.3
9224,1682899200,108.33,101.79
9224,1685577600,100,94.01
9224,1688169600,112.5,105.44
9224,1690848000,117.65,113.55
9224,1693526400,113.16,114.68
9224,1696118400,122.22,113.63
9224,1698796800,100,100.62
9224,1701388800,93.22,90.82
9224,1704067200,93.22,90.01
9224,1706745600,101.06,94.58
9226,1677628800,113.1,114.22
9226,1680307200,124.64,125.64
9226,1682899200,107.14,114.97
9226,1685577600,109.52,113.57
9226,1688169600,120.25,121.61
9226,1690848000,119.82,124.17
9226,1693526400,134.83,125.81
9226,1696118400,134.83,130.69
9226,1698796800,99.62,116.32
9226,1701388800,101.85,105.15
9226,1704067200,107.14,112.43
9226,1706745600,107.14,111.32
9354,1677628800,42.84,43.61
9354,1680307200,42.11,42.24
9354,1682899200,42.11,42.32
9354,1685577600,44.44,43.82
9354,1688169600,53.33,48.56
9354,1690848000,50,50.17
9354,1693526400,48.15,48.16
9354,1696118400,45.37,46.39
9354,1698796800,43.21,43.19
9354,1701388800,43.37,43.7
9354,1704067200,44.44,45.03
9354,1706745600,43.83,44.37
11222,1677628800,86.11,82.16
11222,1680307200,87.5,88.19
11222,1682899200,86.11,89.8
11222,1685577600,86.11,144.87
11222,1688169600,81.94,75.66
11222,1690848000,84.48,79.88
11222,1693526400,86.11,85.41
11222,1696118400,86.11,86.63
11222,1698796800,84.48,89.52
11222,1701388800,82.76,86.84
11222,1704067200,82.76,86.91
11222,1706745600,82.76,88.25
9397,1677628800,71.51,483.16
9397,1680307200,53.77,257.35
9397,1682899200,71.14,367.25
9397,1685577600,52.88,141.58
9397,1688169600,31.29,219.22
9397,1690848000,67.22,429.13
9397,1693526400,63.01,150.47
9397,1696118400,63.01,150.47
9397,1698796800,33.23,396.26
9397,1701388800,93.24,45.33
9397,1704067200,93.24,45.33
9397,1706745600,93.24,45.33
9399,1677628800,67.31,214.07
9399,1680307200,38.68,207.86
9399,1682899200,61.78,109.09
9399,1685577600,35.83,43.07
9399,1688169600,60.87,177.87
9399,1690848000,38.44,208.76
9399,1693526400,43.54,298.89
9399,1696118400,43.54,298.89
9399,1698796800,44.25,393.99
9399,1701388800,44.25,393.99
9399,1704067200,44.25,393.99
9399,1706745600,44.25,393.99
9403,1677628800,45,48.29
9403,1680307200,46.88,48.38
9403,1682899200,45.45,45.94
9403,1685577600,45,43.1
9403,1688169600,47,47.22
9403,1690848000,46.15,47.68
9403,1693526400,46.67,47.78
9403,1696118400,46.25,48.97
9403,1698796800,46.34,48.58
9403,1701388800,45.12,46.41
9403,1704067200,43.75,42.95
9403,1706745600,43.75,42.95
9410,1677628800,41.75,197.28
9410,1680307200,42.59,218.24
9410,1682899200,40.14,111.83
9410,1685577600,41.33,128
9410,1688169600,38.93,250.77
9410,1690848000,40,286.16
9410,1693526400,41.63,44.24
9410,1696118400,39.03,86.05
9410,1698796800,41.68,230.77
9410,1701388800,43.61,59.36
9410,1704067200,46.64,41.48
9410,1706745600,46.64,41.48
9411,1677628800,37.56,89.04
9411,1680307200,70.12,57.77
9411,1682899200,61.57,366
9411,1685577600,70.47,177.79
9411,1688169600,70.47,177.79
9411,1690848000,70.47,177.79
9411,1693526400,70.47,177.79
9432,1677628800,37.35,97.21
9432,1680307200,37.79,62.83
9432,1682899200,37.1,79.31
9432,1685577600,36.6,90.74
9432,1688169600,33.97,127.42
9432,1690848000,38.08,175.22
9432,1693526400,40.12,161.1
9432,1696118400,36.83,232.49
9432,1698796800,38.42,178.57
9432,1701388800,35.98,35.16
9432,1704067200,35.98,35.16
9432,1706745600,35.98,35.16
9439,1677628800,38.24,366.99
9439,1680307200,36.9,38.05
9439,1682899200,36.53,35.45
9439,1685577600,35.97,35.85
9439,1688169600,36.33,35.68
9439,1690848000,35.9,33.78
9439,1693526400,37.92,37.07
9439,1696118400,37,82.74
9439,1698796800,35.77,35.73
9439,1701388800,37.09,37.24
9439,1704067200,37,38.28
9439,1706745600,35.78,35.89
9466,1677628800,33.78,39.96
9466,1680307200,35.63,36.06
9466,1682899200,33.75,36.45
9466,1685577600,37.5,36.12
9466,1688169600,36.84,36.41
9466,1690848000,39.09,38.49
9466,1693526400,39.09,37.52
9466,1696118400,38.81,37.92
9466,1698796800,38.26,37.06
9466,1701388800,36.84,36.65
9466,1704067200,35.26,35.53
9466,1706745600,38.16,37.27
9467,1677628800,55.48,55.95
9467,1680307200,53.83,54.58
9467,1682899200,54,54.57
9467,1685577600,54,54.61
9467,1688169600,53.33,54.1
9467,1690848000,52.86,53.43
9467,1693526400,53.47,54.19
9467,1696118400,53.08,53.72
9467,1698796800,53.68,54.05
9467,1701388800,54.92,55.19
9467,1704067200,54.67,55.47
9467,1706745600,55.42,56.03
9468,1677628800,41.13,40.16
9468,1680307200,41.03,40.63
9468,1682899200,41.91,40.97
9468,1685577600,41.18,38.8
9468,1688169600,40.44,38.45
9468,1690848000,42.22,40.1
9468,1693526400,42.06,41.6
9468,1696118400,42.68,42.11
9468,1698796800,43.09,41.44
9468,1701388800,41.91,41.24
9468,1704067200,43.09,41.38
9468,1706745600,41.48,42.2
9469,1677628800,45.68,41.68
9469,1680307200,46.03,43.05
9469,1682899200,45.5,150.09
9469,1685577600,47.25,42.5
9469,1688169600,46.4,71.66
9469,1690848000,47.2,104.26
9469,1693526400,45.26,44
9469,1696118400,47.47,45.36
9469,1698796800,47.21,44.89
9469,1701388800,45.93,36.62
9469,1704067200,47.48,43.58
9469,1706745600,49.07,43
9470,1677628800,38.82,95.38
9470,1680307200,37.65,38.95
9470,1682899200,37.05,66.89
9470,1685577600,36.3,134.9
9470,1688169600,38.85,119.67
9470,1690848000,40.31,41.1
9470,1693526400,37.26,37.65
9470,1696118400,37.93,38.66
9470,1698796800,39.23,37.88
9470,1701388800,36.67,37.34
9470,1704067200,37.65,37.56
9470,1706745600,37.65,37.56
9472,1677628800,36.79,37.4
9472,1680307200,36.79,37.51
9472,1682899200,37,37.74
9472,1685577600,36.79,37.07
9472,1688169600,36.79,36.87
9472,1690848000,37.12,37.67
9472,1693526400,36.79,37.08
9472,1696118400,36.57,36.66
9472,1698796800,36.36,36.75
9472,1701388800,36.98,37
9472,1704067200,37.22,37.36
9472,1706745600,37.04,37.23
9473,1677628800,51.62,183.89
9473,1680307200,54.74,104.85
9473,1682899200,55.1,202.51
9473,1685577600,51.64,167.91
9473,1688169600,50,219.94
9473,1690848000,53.84,203.13
9473,1693526400,48.55,48.68
9473,1696118400,50,168.48
9473,1698796800,52.56,53.42
9473,1701388800,58.58,59.25
9473,1704067200,62.24,64.97
9473,1706745600,63.05,61.66
9474,1677628800,45.76,49.45
9474,1680307200,46.07,49.67
9474,1682899200,45.9,49.07
9474,1685577600,45.76,48
9474,1688169600,46.58,49.05
9474,1690848000,47.13,50.22
9474,1693526400,47,49.73
9474,1696118400,47.22,50.05
9474,1698796800,48,51.68
9474,1701388800,49.57,52.47
9474,1704067200,50.85,53.7
9474,1706745600,51.27,54.02
9475,1677628800,27.85,35.29
9475,1680307200,28,36.03
9475,1682899200,26.31,35.9
9475,1685577600,27.27,29.31
9475,1688169600,28.25,47.2
9475,1690848000,25.6,29.13
9475,1693526400,30.63,30.2
9475,1696118400,28.11,27.18
9475,1698796800,28.5,29.18
9475,1701388800,27.21,28.3
9475,1704067200,29.55,29.56
9475,1706745600,29.54,28.7
9447,1677628800,31.18,31.13
9447,1680307200,30,31.15
9447,1682899200,31.42,39.43
9447,1685577600,31.28,43.23
9447,1688169600,32.43,31.3
9447,1690848000,32.19,54.47
9447,1693526400,33.53,33.29
9447,1696118400,34.05,33.6
9447,1698796800,33.53,34.14
9447,1701388800,32.91,34.58
9447,1704067200,33.1,33.86
9447,1706745600,35.38,35.53
9450,1677628800,36.14,37.43
9450,1680307200,33.79,85.68
9450,1682899200,50,63.92
9450,1685577600,33.25,37.67
9450,1688169600,31.32,34.73
9450,1690848000,30.43,50.49
9450,1693526400,29.57,31.36
9450,1696118400,31.19,32.41
9450,1698796800,32.58,33.71
9450,1701388800,30.43,32.23
9450,1704067200,30.43,32.23
9450,1706745600,30.43,32.23
9452,1677628800,35.98,102.66
9452,1680307200,36.92,58.04
9452,1682899200,37,107.77
9452,1685577600,37.5,110.02
9452,1688169600,37.5,90.99
9452,1690848000,38.66,100
9452,1693526400,35.63,36.98
9452,1696118400,38.04,63.31
9452,1698796800,39.33,55.34
9452,1701388800,39.29,37.47
9452,1704067200,39.52,37.63
9452,1706745600,37.09,38.37
9454,1677628800,27.74,40.16
9454,1680307200,25.85,43.05
9454,1682899200,28.39,70.41
9454,1685577600,32.88,44.98
9454,1688169600,26.46,51.33
9454,1690848000,26.03,101.32
9454,1693526400,27.7,28.44
9454,1696118400,27.37,78.7
9454,1698796800,27.41,51.41
9454,1701388800,27.12,28.88
9454,1704067200,32.33,30.44
9454,1706745600,32.33,30.44
9455,1677628800,26.6,26.39
9455,1680307200,25.72,52.47
9455,1682899200,26.14,26.32
9455,1685577600,26.14,26.32
9455,1688169600,25.84,50.01
9455,1690848000,26.6,55.82
9455,1693526400,25.46,26.04
9455,1696118400,28.13,27.76
9455,1698796800,28.23,26.77
9455,1701388800,27.8,28.74
9455,1704067200,23.51,27.24
9455,1706745600,23.51,27.24
9367,1677628800,67.95,175.84
9367,1680307200,65.75,56.02
9367,1682899200,63.75,187.82
9367,1685577600,65.15,95.55
9367,1688169600,62.14,131.71
9367,1690848000,47.47,95.55
9367,1693526400,60.42,61.71
9367,1696118400,61.33,108.66
9367,1698796800,70,261.37
9367,1701388800,67.14,70.91
9367,1704067200,64.1,65.55
9367,1706745600,64.1,65.55
9368,1677628800,78.08,122.26
9368,1680307200,78.16,124.07
9368,1682899200,50,210.12
9368,1685577600,39.39,236.8
9368,1688169600,48.21,234.61
9368,1690848000,27.38,159.18
9368,1693526400,49.04,110.05
9368,1696118400,49.04,110.05
9368,1698796800,48.39,175.93
9368,1701388800,78.88,77.28
9368,1704067200,78.88,77.28
9368,1706745600,78.88,77.28
9380,1677628800,47.41,40.48
9380,1680307200,47.54,61.53
9380,1682899200,40.26,138.39
9380,1685577600,40.79,162.53
9380,1688169600,40,135.4
9380,1690848000,54.62,286.11
9380,1693526400,54.42,107.08
9380,1696118400,42.31,212.49
9380,1698796800,55.76,97.52
9380,1701388800,41.08,48.1
9380,1704067200,41.08,48.1
9380,1706745600,41.08,48.1
9227,1677628800,37.76,38.21
9227,1680307200,37.72,37.91
9227,1682899200,37.5,37.63
9227,1685577600,36.84,36.94
9227,1688169600,37.5,37.36
9227,1690848000,37.59,37.79
9227,1693526400,37.01,37.51
9227,1696118400,37.33,37.86
9227,1698796800,37.07,37.65
9227,1701388800,37.72,38.01
9227,1704067200,37.72,37.89
9227,1706745600,37.5,37.9
9231,1677628800,27.69,27.25
9231,1680307200,26.47,26.94
9231,1682899200,27.21,26.83
9231,1685577600,27.56,27.23
9231,1688169600,27.94,27.94
9231,1690848000,26,26.71
9231,1693526400,26.15,26.7
9231,1696118400,26.89,26.98
9231,1698796800,26.47,26.88
9231,1701388800,27.27,27.36
9231,1704067200,26.32,26.36
9231,1706745600,26.18,25.64
9234,1677628800,29.51,28.71
9234,1680307200,30.33,29.98
9234,1682899200,30.67,29.37
9234,1685577600,31.33,29.11
9234,1688169600,31.33,30
9234,1690848000,31.48,30.39
9234,1693526400,31.45,30.44
9234,1696118400,31.48,31.43
9234,1698796800,30.65,30.81
9234,1701388800,32.46,29.97
9234,1704067200,33.8,31.76
9234,1706745600,31.97,31.42
9235,1677628800,32.46,32.34
9235,1680307200,32.46,32.34
9235,1682899200,32.19,30.86
9235,1685577600,29.32,32.33
9235,1688169600,39.51,37.74
9235,1690848000,38.46,37.58
9235,1693526400,40,37.74
9235,1696118400,38.46,37.29
9235,1698796800,37.18,35.98
9235,1701388800,31,31.78
9235,1704067200,27.82,29.73
9235,1706745600,29.45,31.94
9236,1677628800,26.09,26.12
9236,1680307200,26.25,26.49
9236,1682899200,25.68,26.26
9236,1685577600,26.6,27.28
9236,1688169600,25.68,26.49
9236,1690848000,25.75,26.69
9236,1693526400,25.29,25.92
9236,1696118400,25.59,26.26
9236,1698796800,26.61,27.58
9236,1701388800,26.25,28.81
9236,1704067200,25.57,27.03
9236,1706745600,26.25,27.64
9237,1677628800,30,30.31
9237,1680307200,31,31.12
9237,1682899200,31.03,30.85
9237,1685577600,30.77,31.02
9237,1688169600,31.25,31.36
9237,1690848000,30.86,31.08
9237,1693526400,30.83,31.02
9237,1696118400,30.94,31.01
9237,1698796800,30.67,30.8
9237,1701388800,30.71,30.81
9237,1704067200,30.59,30.87
9237,1706745600,30.99,31.53
9456,1677628800,29.12,29.54
9456,1680307200,28.89,29.21
9456,1682899200,29.06,29.14
9456,1685577600,28.57,28.58
9456,1688169600,28.57,28.61
9456,1690848000,28.85,28.9
9456,1693526400,28.85,28.84
9456,1696118400,29.18,29
9456,1698796800,27.94,28.37
9456,1701388800,28.57,28.87
9456,1704067200,28.92,29.08
9456,1706745600,29.84,29.3
9459,1677628800,32.1,30.48
9459,1680307200,33.33,33.09
9459,1682899200,32.72,31.81
9459,1685577600,32.58,32.33
9459,1688169600,32.35,31.31
9459,1690848000,31.76,30.9
9459,1693526400,32.35,31.07
9459,1696118400,32.35,32.4
9459,1698796800,32.1,32.11
9459,1701388800,31.71,30.52
9459,1704067200,30,30.2
9459,1706745600,30,30.2
9460,1677628800,27.14,27.56
9460,1680307200,27.14,27.67
9460,1682899200,27.14,27.39
9460,1685577600,27.14,26.95
9460,1688169600,27.14,26.2
9460,1690848000,27.14,27.8
9460,1693526400,25.71,26.52
9460,1696118400,25.71,26.94
9460,1698796800,25.71,27.18
9460,1701388800,27.14,27.67
9460,1704067200,25.71,26.27
9460,1706745600,24.24,24.77
9461,1677628800,29.42,29.12
9461,1680307200,30.4,30.76
9461,1682899200,33.58,31.14
9461,1685577600,33.4,33.38
9461,1688169600,33.4,33.38
9461,1690848000,32.6,33.02
9461,1693526400,32.6,33.02
9461,1696118400,32.6,33.02
9461,1698796800,30.3,30.76
9461,1701388800,30.3,30.76
9461,1704067200,33.59,33.52
9461,1706745600,33.59,33.52
9462,1677628800,19.84,22.22
9462,1680307200,24.81,23.77
9462,1682899200,23.46,23.85
9462,1685577600,19.37,23.11
9462,1688169600,25,23.74
9462,1690848000,22.76,23.48
9462,1693526400,18.55,22.58
9462,1696118400,24.57,23.68
9462,1698796800,22,22.99
9462,1701388800,25.19,24.38
9462,1704067200,25,24.55
9462,1706745600,17.02,22.3
9463,1677628800,25,25.87
9463,1680307200,25.43,25.64
9463,1682899200,26,25.91
9463,1685577600,25.81,24.95
9463,1688169600,25.35,24.89
9463,1690848000,25.81,24.73
9463,1693526400,26.06,25.39
9463,1696118400,25.67,25.06
9463,1698796800,26.06,25.74
9463,1701388800,25.63,25.35
9463,1704067200,25.63,25.5
9463,1706745600,25,24.79
9464,1677628800,33.67,33.64
9464,1680307200,39.31,36.71
9464,1682899200,38.77,35.89
9464,1685577600,38.21,33.53
9464,1688169600,40.19,38.82
9464,1690848000,41.07,40.42
9464,1693526400,43.4,39.99
9464,1696118400,39.33,49.43
9464,1698796800,40,40.9
9464,1701388800,41.66,41.41
9464,1704067200,43.37,41.09
9464,1706745600,43.37,41.09
9465,1677628800,40.79,40.55
9465,1680307200,40.63,40.41
9465,1682899200,39.47,40.51
9465,1685577600,40,39.82
9465,1688169600,40.3,40.74
9465,1690848000,40.31,44.45
9465,1693526400,40,40.1
9465,1696118400,40.39,40.01
9465,1698796800,40.85,40.82
9465,1701388800,40,39.88
9465,1704067200,40,39.73
9465,1706745600,39.71,39.36
9280,1677628800,47.98,48.07
9280,1680307200,44.44,47.42
9280,1682899200,44.26,46.05
9280,1685577600,44.26,48.76
9280,1688169600,44.26,45.14
9280,1690848000,44.26,42.66
9280,1693526400,51.36,50.56
9280,1696118400,53.62,47.95
9280,1698796800,46.41,47.43
9280,1701388800,46.3,46.75
9281,1677628800,46.59,47.04
9281,1680307200,44.26,46.06
9281,1682899200,44.26,45.66
9282,1677628800,47.37,46.27
9282,1680307200,49.06,46.81
9282,1682899200,48.15,46.9
9282,1685577600,49.42,47.12
9282,1688169600,47.37,46.07
9282,1690848000,46.91,45.37
9282,1693526400,50,47.36
9282,1696118400,47.95,46.75
9282,1698796800,49.04,46.99
9282,1701388800,48.48,46.75
9282,1704067200,46.58,46.13
9282,1706745600,47.06,46.28
9283,1677628800,44.26,45.15
9283,1680307200,44.26,46.44
9283,1682899200,44.26,45.83
9283,1685577600,42,47.02
9283,1688169600,44.26,44.5
9283,1690848000,44.26,42.91
9283,1693526400,51.36,51.27
9283,1696118400,53.62,51.06
9283,1698796800,46.67,48.43
9283,1701388800,46.3,47.57
9283,1704067200,45.13,48.41
9284,1677628800,46.41,187.02
9284,1680307200,47.48,88.53
9284,1682899200,46.15,77.01
9284,1685577600,35.33,100.63
9284,1688169600,44,136.79
9284,1690848000,42.65,189.22
9284,1693526400,42.82,42.89
9284,1696118400,42.82,42.89
9284,1698796800,46.36,58.05
9284,1701388800,46.36,58.05
9284,1704067200,46.36,58.05
9284,1706745600,46.36,58.05
9294,1677628800,47.98,48.01
9294,1680307200,44.44,47.46
9294,1682899200,44.26,46.62
9294,1685577600,44.26,49.77
9294,1688169600,44.26,44.96
9294,1690848000,44.26,42.62
9294,1693526400,54.41,52.81
9294,1696118400,55.56,50.16
9294,1698796800,53.57,50.81
9294,1701388800,50,48.96
9294,1704067200,46.67,47.72
9294,1706745600,46.67,47.72
9295,1677628800,53.72,56.33
9295,1680307200,59.83,57.95
9295,1682899200,57.14,57.81
9295,1685577600,46.67,57.26
9295,1688169600,47.78,59.35
9295,1690848000,48.33,58.08
9295,1693526400,47.78,56.9
9295,1696118400,45.93,54.72
9295,1698796800,44.44,54.49
9295,1701388800,40.97,49.81
9295,1704067200,44.67,53.18
9295,1706745600,44.93,52.96
9296,1677628800,69.39,72.23
9296,1680307200,72.22,76
9296,1682899200,69.14,73.31
9296,1685577600,72.5,75.34
9296,1688169600,68.75,73.16
9296,1690848000,70,75.76
9296,1693526400,73.75,76.19
9296,1696118400,74.82,76.74
9296,1698796800,77.78,78.64
9296,1701388800,75.34,77.19
9296,1704067200,75,76.86
9296,1706745600,76.92,77.63
9297,1677628800,41.61,41.9
9297,1680307200,45.71,43.43
9297,1682899200,47.06,47.17
9297,1685577600,45,46.04
9297,1688169600,41.17,44.67
9297,1690848000,41.17,41.99
9297,1693526400,41.67,43.19
9297,1696118400,44.12,42.68
9297,1698796800,39.29,41.07
9297,1701388800,41.92,43.17
9297,1704067200,41.73,43.69
9297,1706745600,41.25,43.71
9269,1677628800,28.27,27.63
9269,1680307200,30.56,30.59
9269,1682899200,32.34,29.47
9269,1685577600,29.57,27.42
9269,1688169600,30.28,29.82
9269,1690848000,22.61,26.89
9269,1693526400,29.35,29.61
9269,1696118400,29.35,29.61
9269,1698796800,27.23,58.2
9269,1701388800,28.4,28.9
9269,1704067200,28.4,28.9
9269,1706745600,28.4,28.9
9270,1677628800,52.64,47.42
9270,1680307200,50,48.7
9270,1682899200,48.74,42.81
9270,1685577600,47.4,40.3
9270,1688169600,43.9,37.24
9270,1690848000,50,42.8
9270,1693526400,43.83,46.84
9270,1696118400,52,44.79
9270,1698796800,47.82,98.61
9270,1701388800,48.45,44.13
9270,1704067200,48.45,44.13
9270,1706745600,48.45,44.13
9327,1677628800,44.1,39.98
9327,1680307200,52.78,83.41
9327,1682899200,64.47,116.47
9327,1685577600,50.67,129.43
9327,1688169600,53.24,153.2
9327,1690848000,64.81,143.89
9327,1693526400,62.82,60.05
9327,1696118400,61.49,50.65
9327,1698796800,67.29,68.05
9327,1701388800,63.79,58.4
9327,1704067200,60.7,57.48
9327,1706745600,60.7,57.48
9299,1677628800,46.88,192.8
9299,1680307200,55.07,75.18
9299,1682899200,52.83,109.95
9299,1685577600,53.36,44.33
9299,1688169600,49.19,105.37
9299,1690848000,54.05,254.65
9299,1693526400,57.97,55.69
9299,1696118400,54.74,96
9299,1698796800,52.5,276.5
9299,1701388800,53.74,58.15
9299,1704067200,54.39,56.5
9299,1706745600,54.39,56.5
9302,1677628800,27.27,30.43
9302,1680307200,30,33.23
9302,1682899200,30.67,40.96
9302,1685577600,30,32.7
9302,1688169600,41.25,44.82
9302,1690848000,30.13,43.44
9302,1693526400,30.13,43.44
9302,1696118400,28.45,39.69
9302,1698796800,30,33.75
9302,1701388800,30,33.41
9302,1704067200,28.33,35.09
9302,1706745600,28.33,35.09
9308,1677628800,40.41,38.92
9308,1680307200,39.29,39.77
9308,1682899200,38.02,36.24
9308,1685577600,38.62,36.07
9308,1688169600,38.72,36.45
9308,1690848000,39,37.5
9308,1693526400,39.09,37.75
9308,1696118400,37.57,37.02
9308,1698796800,39.85,37.51
9308,1701388800,40.75,40.26
9308,1704067200,41.41,41.09
9308,1706745600,41.41,41.09
9312,1677628800,42.83,135.07
9312,1680307200,39.67,317.76
9312,1682899200,41.5,115
9312,1685577600,39.03,122.45
9312,1688169600,38.75,230.97
9312,1690848000,42.84,262.21
9312,1693526400,42.6,239.39
9312,1696118400,42.6,239.39
9312,1698796800,41.84,93.76
9312,1701388800,38.98,37.69
9312,1704067200,38.98,37.69
9312,1706745600,38.98,37.69
9313,1677628800,29.33,146.11
9313,1680307200,30.35,65.49
9313,1682899200,29.88,29.84
9313,1685577600,27.71,26.81
9313,1688169600,29.52,29.08
9313,1690848000,30.16,112.76
9313,1693526400,31.25,30.99
9313,1696118400,33.08,30.69
9313,1698796800,29.66,63.56
9313,1701388800,28.89,28.01
9313,1704067200,28.89,28.01
9313,1706745600,28.89,28.01
9314,1677628800,37.67,38.14
9314,1680307200,37.67,38.17
9314,1682899200,37.68,38.24
9314,1685577600,37.68,38.54
9314,1688169600,38.04,38.57
9314,1690848000,37.35,37.95
9314,1693526400,37.68,38.38
9314,1696118400,38.04,38.59
9314,1698796800,38.57,38.73
9314,1701388800,38.57,39.21
9314,1704067200,38.82,39.52
9314,1706745600,38.57,39.24
9315,1677628800,31.9,32.61
9315,1680307200,31.58,32.67
9315,1682899200,29.17,29.55
9315,1685577600,31.01,32.42
9315,1688169600,33.01,32.49
9315,1690848000,30.89,32.7
9315,1693526400,31.44,28.52
9315,1696118400,27.24,28.87
9315,1698796800,27.52,28.8
9315,1701388800,27.08,26.32
9315,1704067200,27.08,26.32
9315,1706745600,27.08,26.32
9316,1677628800,48.75,48.65
9316,1680307200,47.62,48.35
9316,1682899200,46.83,47.41
9316,1685577600,45.07,44.79
9316,1688169600,44.91,44.54
9316,1690848000,44.02,44.47
9316,1693526400,43.64,44.37
9316,1696118400,43.4,43.73
9316,1698796800,44,43.92
9316,1701388800,44.36,43.75
9316,1704067200,45.24,45.51
9316,1706745600,47.61,46.96
9317,1677628800,25.97,26.44
9317,1680307200,25.74,25.38
9317,1682899200,25,25.49
9317,1685577600,24.43,25.3
9317,1688169600,24.88,25.14
9317,1690848000,25,26.87
9317,1693526400,25.86,25.78
9317,1696118400,32.13,26.5
9317,1698796800,29.31,27.58
9317,1701388800,25.35,26.81
9317,1704067200,25.35,26.81
9317,1706745600,25.35,26.81
9318,1677628800,34.29,36.61
9318,1680307200,34.29,34.49
9318,1682899200,34.4,34.16
9318,1685577600,34.67,34.76
9318,1688169600,33.75,33.87
9318,1690848000,33.73,33.79
9318,1693526400,33.77,34.03
9318,1696118400,33.85,34.03
9318,1698796800,33.77,34.28
9318,1701388800,35.28,35.45
9318,1704067200,34.62,35.17
9318,1706745600,33.75,34.26
9319,1677628800,31.41,31.18
9319,1680307200,30.63,31.38
9319,1682899200,30.53,30.67
9319,1685577600,30.77,31.12
9319,1688169600,30.92,31.08
9319,1690848000,30.92,30.99
9319,1693526400,29.2,30.17
9319,1696118400,27.63,28.51
9319,1698796800,31.1,31.11
9319,1701388800,30.92,31.28
9319,1704067200,30.26,30.5
9319,1706745600,30.26,30.45
9320,1677628800,23,25.94
9320,1680307200,25,25.53
9320,1682899200,21.95,22.64
9320,1685577600,24.1,24.13
9320,1688169600,24.1,24.26
9320,1690848000,24.7,25.68
9320,1693526400,26.42,30.12
9320,1696118400,28.53,32.42
9320,1698796800,24.1,32.94
9320,1701388800,29.26,32.46
9320,1704067200,23.25,24.16
9320,1706745600,23.25,24.16
9321,1677628800,38.14,37.84
9321,1680307200,37.68,37.75
9321,1682899200,38.57,36.62
9321,1685577600,39,38.86
9321,1688169600,38.82,38.44
9321,1690848000,37.8,37.32
9321,1693526400,36.2,36.65
9321,1696118400,37.39,36.89
9321,1698796800,37.28,37.45
9321,1701388800,37.06,36.88
9321,1704067200,36.49,37.6
9321,1706745600,37.84,41.03
9322,1677628800,36.11,36.49
9322,1680307200,36.13,37.13
9322,1682899200,35.71,36.16
9322,1685577600,35.8,36.24
9322,1688169600,36.11,36.22
9322,1690848000,36.22,36.01
9322,1693526400,36.92,36.48
9322,1696118400,37.14,38.24
9322,1698796800,37.5,38.92
9322,1701388800,36.89,39.02
9322,1704067200,35.71,37.26
9322,1706745600,35.9,37.6
9323,1677628800,41.23,40.77
9323,1680307200,38.46,39.25
9323,1682899200,40,40.58
9323,1685577600,40.34,41.54
9323,1688169600,40.19,39.47
9323,1690848000,40,39.19
9323,1693526400,40.62,39.89
9323,1696118400,40,39.35
9323,1698796800,40,39.22
9323,1701388800,40.77,39.34
9323,1704067200,40,39.97
9323,1706745600,40,40.37
9324,1677628800,39.39,39.41
9324,1680307200,40.7,40.08
9324,1682899200,41.48,40.71
9324,1685577600,41.86,40.78
9324,1688169600,41.67,40.39
9324,1690848000,41.54,40.9
9324,1693526400,41.54,41.01
9324,1696118400,41.54,41.08
9324,1698796800,41.54,40.48
9324,1701388800,41.67,40.78
9324,1704067200,41.86,41.45
9324,1706745600,41.67,41.52
9509,1677628800,39.81,39.88
9509,1680307200,37.33,38.63
9509,1682899200,37.65,38.22
9509,1685577600,37.65,38.42
9509,1688169600,37.29,38.33
9509,1690848000,37,38.01
9509,1693526400,35.97,36.97
9509,1696118400,37.29,37.36
9509,1698796800,37.29,38.53
9509,1701388800,35.59,36.78
9509,1704067200,36.44,36.53
9509,1706745600,35.84,36.46
9517,1677628800,39.58,38.7
9517,1680307200,40.72,39.95
9517,1682899200,40.76,40.01
9517,1685577600,40.91,39.62
9517,1688169600,40.97,39.73
9517,1690848000,40.96,39.93
9517,1693526400,40.97,40.14
9517,1696118400,40.97,39.96
9517,1698796800,40.54,39.58
9517,1701388800,41.07,40.92
9517,1704067200,42,42.23
9517,1706745600,41.86,42.11
9518,1677628800,26.42,26.81
9518,1680307200,27.13,27.15
9518,1682899200,27.19,26.52
9518,1685577600,25.8,26.47
9518,1688169600,26,26.4
9518,1690848000,26,27.18
9518,1693526400,26.63,27.44
9518,1696118400,26.32,27.25
9518,1698796800,26.38,27.02
9518,1701388800,27.4,27.45
9518,1704067200,27.11,27.04
9518,1706745600,28.24,27.7
9519,1677628800,18.57,18.38
9519,1680307200,18.54,18.5
9519,1682899200,18.18,18.13
9519,1685577600,17.74,17.87
9519,1688169600,17.82,17.84
9519,1690848000,17.74,18.03
9519,1693526400,17.59,17.91
9519,1696118400,17.27,17.31
9519,1698796800,17.25,17.05
9519,1701388800,16.43,16.68
9519,1704067200,17.22,16.97
9519,1706745600,17.27,17.1
9505,1677628800,20,20.06
9505,1680307200,20,20.25
9505,1682899200,20,19.71
9505,1685577600,20,19.55
9505,1688169600,20,20.2
9505,1690848000,20,19.76
9505,1693526400,20,18.38
9505,1696118400,19.23,18.5
9505,1698796800,19,18.57
9505,1701388800,19,19.04
9505,1704067200,19,19.75
9505,1706745600,19.23,19.54
9526,1677628800,37.21,39.71
9526,1680307200,39.76,38.81
9526,1682899200,37.18,37.83
9526,1685577600,37.33,37.38
9526,1688169600,39.66,38.98
9526,1690848000,38.43,37.85
9526,1693526400,38.61,37.65
9526,1696118400,39.66,38.14
9526,1698796800,38.79,37.27
9526,1701388800,39.06,37.24
9526,1704067200,39.66,38.51
9526,1706745600,39.59,39.46
9529,1677628800,24.31,23.99
9529,1680307200,24.03,23.22
9529,1682899200,24,23.15
9529,1685577600,24,23.51
9529,1688169600,24.03,23.76
9529,1690848000,24.27,23.25
9529,1693526400,24.31,23.65
9529,1696118400,24.4,23.46
9529,1698796800,24.58,23.96
9529,1701388800,24.67,24.45
9529,1704067200,24.67,24.32
9529,1706745600,24.67,24.81
9239,1677628800,33.33,32.77
9239,1680307200,32.47,29.6
9239,1682899200,30.83,28.69
9239,1685577600,30.94,29.59
9239,1688169600,28.64,26.8
9239,1690848000,28.57,75.33
9239,1693526400,31.67,28.76
9239,1696118400,31.67,31.14
9239,1698796800,29.63,29.58
9239,1701388800,30.65,30.83
9239,1704067200,30.51,30.51
9239,1706745600,30.51,30.51
9241,1677628800,29.45,94.16
9241,1680307200,27.71,26.39
9241,1682899200,27.18,127.98
9241,1685577600,27.18,127.98
9241,1688169600,28.91,55.87
9241,1690848000,28.75,292.93
9241,1693526400,28.38,31.53
9241,1696118400,28.82,32.48
9241,1698796800,28.82,32.48
9241,1701388800,28.82,32.48
9241,1704067200,28.82,32.48
9241,1706745600,28.82,32.48
9243,1677628800,31.13,31.19
9243,1680307200,30.7,31.58
9243,1682899200,30.35,31.35
9243,1685577600,29.83,30.34
9243,1688169600,29.83,30.83
9243,1690848000,29.83,37.33
9243,1693526400,31.13,39.98
9243,1696118400,30.7,38.72
9243,1698796800,30,34.01
9243,1701388800,30.57,37.44
9243,1704067200,30.7,37.92
9243,1706745600,37.74,39.84
9244,1677628800,36.08,36.52
9244,1680307200,42.53,43.11
9244,1682899200,44.91,41.9
9244,1685577600,32.31,50.45
9244,1688169600,34.55,138.25
9244,1690848000,33.33,77.51
9244,1693526400,43.6,42.67
9244,1696118400,34.91,37.56
9244,1698796800,33.28,35.79
9244,1701388800,38.38,39.79
9244,1704067200,36.67,39.28
9244,1706745600,36.67,39.28
9246,1677628800,32.36,149.53
9246,1680307200,25.66,32.15
9246,1682899200,26.72,124.65
9246,1685577600,37.9,37.61
9246,1688169600,37.2,55.68
9246,1690848000,42.62,159.96
9246,1693526400,36.66,36.23
9246,1696118400,37.28,36.52
9246,1698796800,40.18,39.55
9246,1701388800,40.18,39.55
9246,1704067200,40.18,39.55
9246,1706745600,40.18,39.55
9249,1677628800,39.71,43.88
9249,1680307200,33.14,37.66
9249,1682899200,34.81,35.6
9249,1685577600,34.71,36.38
9249,1688169600,36.48,69.84
9249,1690848000,41.14,132.8
9249,1693526400,40.3,37.47
9249,1696118400,37.5,37.31
9249,1698796800,35.48,35.58
9249,1701388800,33.33,34.29
9249,1704067200,35.29,34.94
9249,1706745600,35.29,34.94
9250,1677628800,63.24,62.3
9250,1680307200,63.01,61.46
9250,1682899200,60.27,60.88
9250,1685577600,57.53,55.89
9250,1688169600,50,50.4
9250,1690848000,51.86,53.54
9250,1693526400,50.64,52.01
9250,1696118400,46.67,48
9250,1698796800,46.33,47.42
9250,1701388800,49.57,50.05
9250,1704067200,52.02,52.73
9250,1706745600,50.11,52.42
9251,1677628800,44.93,46.22
9251,1680307200,41.53,44.68
9251,1682899200,40.71,43.71
9251,1685577600,40.83,44.12
9251,1688169600,41.67,45.01
9251,1690848000,40.74,44.32
9251,1693526400,40.58,44.17
9251,1696118400,40.51,44.46
9251,1698796800,39.93,43.72
9251,1701388800,42.31,45.84
9251,1704067200,45.76,47.31
9251,1706745600,44.12,46.85
9253,1677628800,33.82,34.02
9253,1680307200,33.89,34.65
9253,1682899200,33.85,36
9253,1685577600,34.91,34.61
9253,1688169600,33.82,34.21
9253,1690848000,33.82,34.51
9253,1693526400,35.21,35.2
9253,1696118400,35.64,35.99
9253,1698796800,33.33,33.65
9253,1701388800,30.15,31.74
9253,1704067200,30.62,32.38
9253,1706745600,30,30.77
9256,1677628800,33.25,33.75
9256,1680307200,32.99,33.51
9256,1682899200,32.76,33.11
9256,1685577600,33,33.33
9256,1688169600,32.76,32.88
9256,1690848000,32.41,32.25
9256,1693526400,33.33,33.44
9256,1696118400,33.72,33.55
9256,1698796800,33.64,33.42
9256,1701388800,33.64,33.25
9256,1704067200,33.33,33.21
9256,1706745600,34.02,33.42
9257,1677628800,35.71,34.54
9257,1680307200,34.78,33.78
9257,1682899200,35.97,33.78
9257,1685577600,34.56,43.68
9257,1688169600,33.33,34.33
9257,1690848000,33.33,32.52
9257,1693526400,33.33,32.86
9257,1696118400,33.8,33.99
9257,1698796800,34.31,33.6
9257,1701388800,34.71,33.72
9257,1704067200,34.78,34.69
9257,1706745600,34.78,35.47
9258,1677628800,40.74,45.04
9258,1680307200,40.44,44.67
9258,1682899200,38.52,42.34
9258,1685577600,37.31,41.49
9258,1688169600,37.06,40.74
9258,1690848000,36.68,39.4
9258,1693526400,37.81,39.64
9258,1696118400,36.92,37.81
9258,1698796800,35.71,37.63
9258,1701388800,35.21,36.66
9258,1704067200,34.9,36.3
9258,1706745600,35.58,36.7
9260,1677628800,42,41.66
9260,1680307200,41.64,41.53
9260,1682899200,41.75,41.02
9260,1685577600,42,41.76
9260,1688169600,42,41.73
9260,1690848000,42,42.36
9260,1693526400,42.38,41.99
9260,1696118400,44.44,43.71
9260,1698796800,42,42.09
9260,1701388800,42,41.75
9260,1704067200,42.11,42.03
9260,1706745600,44.44,44.11
9262,1677628800,37.31,36.94
9262,1680307200,37.96,36.44
9262,1682899200,37.5,36.61
9262,1685577600,37.28,36.11
9262,1688169600,37.31,36.08
9262,1690848000,39.02,37.84
9262,1693526400,38.36,36.93
9262,1696118400,37.94,36.76
9262,1698796800,37.31,36.3
9262,1701388800,37.36,36.57
9262,1704067200,38.57,37.95
9262,1706745600,38.97,37.84
9340,1677628800,64.29,71.33
9340,1680307200,64.58,71.11
9340,1682899200,63.38,68.2
9340,1685577600,63.08,69.55
9340,1688169600,65,70.35
9340,1690848000,67.27,75.29
9340,1693526400,66,72.96
9340,1696118400,65,70.74
9340,1698796800,67.5,73.72
9340,1701388800,71.43,80.09
9340,1704067200,70.59,78.11
9340,1706745600,74.19,82.54
9341,1677628800,55.31,52.89
9341,1680307200,54.42,52.64
9341,1682899200,53.2,49.65
9341,1685577600,52.94,52.15
9341,1688169600,52.63,55.76
9341,1690848000,55.23,88.77
9341,1693526400,53.85,54.36
9341,1696118400,55.97,60.8
9341,1698796800,51.3,57.35
9341,1701388800,57.29,73.05
9341,1704067200,59.36,67.87
9341,1706745600,58.87,62.17
9343,1677628800,37.68,37.94
9343,1680307200,37.5,37.77
9343,1682899200,37.46,37.62
9343,1685577600,37.5,37.42
9343,1688169600,37.39,37.46
9343,1690848000,38.52,38.02
9343,1693526400,38.24,38
9343,1696118400,38.41,38.16
9343,1698796800,37.94,37.67
9343,1701388800,38.79,38.17
9343,1704067200,38.75,39.15
9343,1706745600,38.89,39.79
9344,1677628800,40.15,124.02
9344,1680307200,37.87,52.64
9344,1682899200,36.47,44.76
9344,1685577600,39.17,50.84
9344,1688169600,36.89,90.87
9344,1690848000,37.33,41.62
9344,1693526400,42.06,57.77
9344,1696118400,38.17,47.53
9344,1698796800,39.08,52.04
9344,1701388800,38.33,48.77
9344,1704067200,40,49.21
9344,1706745600,38.84,45.77
9347,1677628800,30,30.23
9347,1680307200,30,30.15
9347,1682899200,29.46,29.46
9347,1685577600,30,29.62
9347,1688169600,28.57,28.82
9347,1690848000,28.18,28.86
9347,1693526400,27.97,28.62
9347,1696118400,28.46,28.71
9347,1698796800,29.17,29.35
9347,1701388800,28.45,28.55
9347,1704067200,27.4,28.65
9347,1706745600,29.15,29.76
9348,1677628800,70.06,102.35
9348,1680307200,70.41,58.17
9348,1682899200,68.1,45.6
9348,1685577600,67.06,50.15
9348,1688169600,68.93,74.13
9348,1690848000,70.59,65.69
9348,1693526400,71.43,62.52
9348,1696118400,67.59,61.72
9348,1698796800,70.14,68.2
9348,1701388800,70.38,68.15
9348,1704067200,69.23,70.28
9348,1706745600,70,67.37
9349,1677628800,100.92,100.97
9349,1680307200,97.83,98.77
9349,1682899200,96.59,97.63
9349,1685577600,96.51,97.1
9349,1688169600,97.73,101.02
9349,1690848000,100,100.32
9349,1693526400,95.45,97.06
9349,1696118400,94.32,93.14
9349,1698796800,93.18,92.91
9349,1701388800,94.32,94.84
9349,1704067200,94.89,93.78
9349,1706745600,94,93.86
9350,1677628800,150,156.43
9350,1680307200,150,155.13
9350,1682899200,150,151.24
9350,1685577600,141.3,147.25
9350,1688169600,137.21,149.69
9350,1690848000,148.44,161.45
9350,1693526400,148.51,162.38
9350,1696118400,140,156.92
9350,1698796800,148.44,159.4
9350,1701388800,157.48,163.25
9350,1704067200,160.35,164.9
9350,1706745600,172.15,176.12
11221,1677628800,50.39,61.94
11221,1680307200,59.15,104.18
11221,1682899200,59.38,93.46
11221,1685577600,54,68.67
11221,1688169600,62.75,111.46
11221,1690848000,62.81,144.79
11221,1693526400,63.98,75.63
11221,1696118400,64,61.02
11221,1698796800,50.94,64.17
11221,1701388800,44.12,56.81
11221,1704067200,49.26,48.78
11221,1706745600,49.26,48.78
